{
  "version": 2,
  "$schema": "https://schemas.wp.org/trunk/theme.json",
  "customTemplates": [
    {
      "name": "blank",
      "title": "Blank"
    },
    {
      "name": "no-title",
      "title": "No Title"
    }
  ],
  "settings": {
    "appearanceTools": true,
    "blocks": {
      "core/button": {
        "spacing": {
          "spacingSizes": [
            {
              "name": "xSmall",
              "size": "10px",
              "slug": "x-small"
            },
            {
              "name": "Small",
              "size": "15px",
              "slug": "small"
            },
            {
              "name": "Medium",
              "size": "20px",
              "slug": "medium"
            },
            {
              "name": "Large",
              "size": "30px",
              "slug": "large"
            },
            {
              "name": "xLarge",
              "size": "40px",
              "slug": "x-large"
            }
          ]
        }
      }
    },
    "color": {
      "defaultDuotone": false,
      "defaultGradients": false,
      "defaultPalette": false,
      "duotone": [
        {
          "name": "Base and Contrast",
          "slug": "black-and-contrast",
          "colors": ["#F1F8F2", "#091109"]
        },
        {
          "name": "Primary and Contrast",
          "slug": "primary-and-contrast",
          "colors": ["#994d96", "#091109"]
        },
        {
          "name": "Secondary and Contrast",
          "slug": "secondary-and-contrast",
          "colors": ["#cce5cd", "#091109"]
        }
      ],
      "gradients": [
        {
          "gradient": "linear-gradient(0deg, var(--wp--preset--color--primary) 0%, var(--wp--preset--color--contrast) 100%)",
          "name": "Primary to Contrast",
          "slug": "primary-contrast"
        }
      ],
      "palette": [
        {
          "color": "#F1F8F2",
          "name": "Base",
          "slug": "base"
        },
        {
          "color": "#091109",
          "name": "Contrast",
          "slug": "contrast"
        },
        {
          "color": "#994d96",
          "name": "Primary",
          "slug": "primary"
        },
        {
          "color": "#cce5cd",
          "name": "Secondary",
          "slug": "secondary"
        },
        {
          "color": "#eeeeee",
          "name": "Neutral",
          "slug": "neutral"
        }
      ]
    },
    "custom": {
      "fontWeight": {
        "thin": 100,
        "extra-light": 200,
        "light": 300,
        "regular": 400,
        "medium": 500,
        "semi-bold": 600,
        "bold": 700,
        "extra-bold": 800,
        "black": 900
      },
      "lineHeight": {
        "body": 1.75,
        "heading": 1.1,
        "medium": 1.5,
        "one": 1
      },
      "spacing": {
        "gap": "30px"
      }
    },
    "layout": {
      "contentSize": "640px",
      "wideSize": "1200px"
    },
    "shadow": {
      "defaultPresets": false,
      "presets": [
        {
          "name": "Light",
          "slug": "light",
          "shadow": "0 0 50px rgb(0 0 0 / 10%);"
        },
        {
          "name": "Solid",
          "slug": "solid",
          "shadow": "5px 5px currentColor"
        }
      ]
    },
    "spacing": {
      "spacingSizes": [
        {
          "name": "xSmall",
          "size": "20px",
          "slug": "x-small"
        },
        {
          "name": "Small",
          "size": "clamp(30px, 4vw, 40px)",
          "slug": "small"
        },
        {
          "name": "Medium",
          "size": "clamp(40px, 6vw, 60px)",
          "slug": "medium"
        },
        {
          "name": "Large",
          "size": "clamp(50px, 8vw, 80px)",
          "slug": "large"
        },
        {
          "name": "xLarge",
          "size": "clamp(60px, 10vw, 100px)",
          "slug": "x-large"
        }
      ],
      "units": ["px", "em", "rem", "vh", "vw", "%"]
    },
    "typography": {
      "dropCap": false,
      "fluid": true,
      "fontFamilies": [
        {
          "fontFace": [
            {
              "fontFamily": "Inter",
              "fontStretch": "normal",
              "fontStyle": "normal",
              "fontWeight": "300 400 500 600 700",
              "src": ["file:./assets/fonts/inter/Inter-VariableFont_wght.ttf"]
            }
          ],
          "fontFamily": "\"Inter\", sans-serif",
          "name": "Inter",
          "slug": "primary"
        },
        {
          "fontFace": [
            {
              "fontFamily": "Playfair Display",
              "fontStretch": "normal",
              "fontStyle": "normal",
              "fontWeight": "300 400 500 600 700 900",
              "src": [
                "file:./assets/fonts/playfair-display/PlayfairDisplay-VariableFont_wght.ttf"
              ]
            },
            {
              "fontFamily": "Playfair Display",
              "fontStretch": "normal",
              "fontStyle": "italic",
              "fontWeight": "300 400 500 600 700 900",
              "src": [
                "file:./assets/fonts/playfair-display/PlayfairDisplay-Italic-VariableFont_wght.ttf"
              ]
            }
          ],
          "fontFamily": "\"Playfair Display\", sans-serif",
          "name": "Playfair Display",
          "slug": "playfair-display"
        },
        {
          "fontFace": [
            {
              "fontFamily": "Outfit",
              "fontStretch": "normal",
              "fontStyle": "normal",
              "fontWeight": "300 400 500 600 700 900",
              "src": ["file:./assets/fonts/outfit/Outfit-VariableFont_wght.ttf"]
            }
          ],
          "fontFamily": "\"Outfit\", sans-serif",
          "name": "Outfit",
          "slug": "outfit"
        },
        {
          "fontFace": [
            {
              "fontFamily": "Oswald",
              "fontStretch": "normal",
              "fontStyle": "normal",
              "fontWeight": "300 400 500 600 700 900",
              "src": ["file:./assets/fonts/oswald/Oswald-VariableFont_wght.ttf"]
            }
          ],
          "fontFamily": "\"Oswald\", sans-serif",
          "name": "Oswald",
          "slug": "oswald"
        },
        {
          "fontFace": [
            {
              "fontFamily": "Public Sans",
              "fontStretch": "normal",
              "fontStyle": "normal",
              "fontWeight": "300 400 500 600 700 900",
              "src": [
                "file:./assets/fonts/public-sans/PublicSans-VariableFont_wght.ttf"
              ]
            },
            {
              "fontFamily": "Public Sans",
              "fontStretch": "normal",
              "fontStyle": "italic",
              "fontWeight": "300 400 500 600 700 900",
              "src": [
                "file:./assets/fonts/public-sans/PublicSans-Italic-VariableFont_wght.ttf"
              ]
            }
          ],
          "fontFamily": "\"Public Sans\", sans-serif",
          "name": "Public Sans",
          "slug": "public-sans"
        },
        {
          "fontFace": [
            {
              "fontFamily": "Quicksand",
              "fontStretch": "normal",
              "fontStyle": "normal",
              "fontWeight": "300 400 500 600 700 900",
              "src": [
                "file:./assets/fonts/quicksand/Quicksand-VariableFont_wght.ttf"
              ]
            }
          ],
          "fontFamily": "\"Quicksand\", sans-serif",
          "name": "Quicksand",
          "slug": "quicksand"
        },
        {
          "fontFamily": "\"PT Serif\", sans-serif",
          "name": "PT Serif",
          "slug": "pt-serif",
          "fontFace": [
            {
              "fontFamily": "PT Serif",
              "fontWeight": "700",
              "fontStyle": "normal",
              "fontStretch": "normal",
              "src": ["file:./assets/fonts/pt_serif/PTSerif-Bold.ttf"]
            },
            {
              "fontFamily": "PT Serif",
              "fontWeight": "400",
              "fontStyle": "normal",
              "fontStretch": "normal",
              "src": ["file:./assets/fonts/pt_serif/PTSerif-Regular.ttf"]
            }
          ]
        }
      ],
      "fontSizes": [
        {
          "fluid": false,
          "name": "xSmall",
          "size": "16px",
          "slug": "x-small"
        },
        {
          "fluid": false,
          "name": "Small",
          "size": "18px",
          "slug": "small"
        },
        {
          "fluid": {
            "min": "18px",
            "max": "20px"
          },
          "name": "Medium",
          "size": "20px",
          "slug": "medium"
        },
        {
          "fluid": {
            "min": "20px",
            "max": "24px"
          },
          "name": "Large",
          "size": "24px",
          "slug": "large"
        },
        {
          "fluid": {
            "min": "24px",
            "max": "30px"
          },
          "name": "xLarge",
          "size": "30px",
          "slug": "x-large"
        },
        {
          "fluid": {
            "min": "30px",
            "max": "36px"
          },
          "name": "36px",
          "size": "36px",
          "slug": "max-36"
        },
        {
          "fluid": {
            "min": "36px",
            "max": "48px"
          },
          "name": "48px",
          "size": "48px",
          "slug": "max-48"
        },
        {
          "fluid": {
            "min": "42px",
            "max": "60px"
          },
          "name": "60px",
          "size": "60px",
          "slug": "max-60"
        },
        {
          "fluid": {
            "min": "48px",
            "max": "72px"
          },
          "name": "72px",
          "size": "72px",
          "slug": "max-72"
        }
      ]
    },
    "useRootPaddingAwareAlignments": true
  },
  "styles": {
    "blocks": {
      "core/button": {
        "variations": {
          "outline": {
            "border": {
              "color": "currentColor",
              "style": "solid",
              "width": "1px"
            },
            "spacing": {
              "padding": {
                "top": "10px",
                "right": "15px",
                "bottom": "10px",
                "left": "15px"
              }
            }
          }
        }
      },
      "core/buttons": {
        "spacing": {
          "blockGap": "10px"
        }
      },
      "core/code": {
        "color": {
          "background": "var(--wp--preset--color--contrast)",
          "text": "var(--wp--preset--color--base)"
        },
        "css": "& code {overflow-wrap: normal; overflow-x: scroll; tab-size: 4; white-space: pre !important;}",
        "spacing": {
          "padding": {
            "top": "var(--wp--custom--spacing--gap)",
            "right": "var(--wp--custom--spacing--gap)",
            "bottom": "var(--wp--custom--spacing--gap)",
            "left": "var(--wp--custom--spacing--gap)"
          }
        },
        "typography": {
          "fontFamily": "var(--wp--preset--font-family--monospace)",
          "fontSize": "var(--wp--preset--font-size--small)"
        }
      },
      "core/comment-author-name": {
        "typography": {
          "fontSize": "var(--wp--preset--font-size--small)",
          "lineHeight": "var(--wp--custom--line-height--medium)"
        }
      },
      "core/comment-date": {
        "typography": {
          "fontSize": "var(--wp--preset--font-size--small)",
          "lineHeight": "var(--wp--custom--line-height--medium)"
        }
      },
      "core/comment-edit-link": {
        "typography": {
          "fontSize": "var(--wp--preset--font-size--small)",
          "lineHeight": "var(--wp--custom--line-height--medium)"
        }
      },
      "core/comment-reply-link": {
        "typography": {
          "fontSize": "var(--wp--preset--font-size--small)"
        }
      },
      "core/comments": {
        "spacing": {
          "margin": {
            "top": "var(--wp--preset--spacing--x-large)"
          }
        }
      },
      "core/comments-title": {
        "spacing": {
          "margin": {
            "top": "var(--wp--custom--spacing--gap)",
            "bottom": "var(--wp--custom--spacing--gap)"
          }
        }
      },
      "core/cover": {
        "spacing": {
          "padding": {
            "top": "var(--wp--custom--spacing--gap)",
            "right": "var(--wp--custom--spacing--gap)",
            "bottom": "var(--wp--custom--spacing--gap)",
            "left": "var(--wp--custom--spacing--gap)"
          }
        }
      },
      "core/image": {
        "spacing": {
          "margin": {
            "top": "30px",
            "right": "0",
            "bottom": "30px",
            "left": "0"
          }
        }
      },
      "core/list": {
        "spacing": {
          "padding": {
            "left": "var(--wp--custom--spacing--gap)"
          }
        }
      },
      "core/navigation": {
        "elements": {
          "link": {
            "typography": {
              "textDecoration": "none"
            }
          }
        },
        "typography": {
          "fontSize": "var(--wp--preset--font-size--small)"
        }
      },
      "core/paragraph": {
        "css": ".has-background {padding: 20px 30px;}"
      },
      "core/post-comments-form": {
        "css": "& input[type=submit] {width: auto;} & label {font-size: var(--wp--preset--font-size--x-small);}"
      },
      "core/post-template": {
        "css": "& .wp-block-post:not(:last-of-type) {margin-bottom: var(--wp--preset--spacing--x-small);}"
      },
      "core/preformatted": {
        "color": {
          "background": "var(--wp--preset--color--contrast)",
          "text": "var(--wp--preset--color--base)"
        },
        "css": "{overflow-wrap: normal; overflow-x: scroll; tab-size: 4; white-space: pre !important;}",
        "spacing": {
          "padding": {
            "top": "25px",
            "right": "30px",
            "bottom": "25px",
            "left": "30px"
          }
        },
        "typography": {
          "fontFamily": "var(--wp--preset--font-family--monospace)",
          "fontSize": "var(--wp--preset--font-size--small)"
        }
      },
      "core/pullquote": {
        "border": {
          "color": "var(--wp--preset--color--contrast)",
          "style": "solid",
          "width": "1px"
        },
        "spacing": {
          "padding": {
            "top": "var(--wp--custom--spacing--gap)",
            "right": "var(--wp--custom--spacing--gap)",
            "bottom": "var(--wp--custom--spacing--gap)",
            "left": "var(--wp--custom--spacing--gap)"
          }
        },
        "typography": {
          "fontSize": "var(--wp--preset--font-size--medium)",
          "lineHeight": "var(--wp--custom--line-height--medium)"
        }
      },
      "core/quote": {
        "border": {
          "color": "var(--wp--preset--color--contrast)",
          "style": "solid",
          "width": "1px"
        },
        "css": "& p {margin: 0;}",
        "spacing": {
          "padding": {
            "top": "var(--wp--custom--spacing--gap)",
            "right": "var(--wp--custom--spacing--gap)",
            "bottom": "var(--wp--custom--spacing--gap)",
            "left": "var(--wp--custom--spacing--gap)"
          }
        }
      },
      "core/separator": {
        "border": {
          "color": "currentColor",
          "radius": "0",
          "style": "solid",
          "width": "1px 0 0"
        },
        "css": ":not(.is-style-wide):not(.is-style-dots) {width: 100px;}"
      },
      "core/site-title": {
        "elements": {
          "link": {
            "typography": {
              "textDecoration": "none"
            }
          }
        },
        "typography": {
          "fontSize": "var(--wp--preset--font-size--large)"
        }
      },
      "core/social-links": {
        "css": ".is-style-outline .wp-block-social-link {background-color: transparent;border: 1px solid currentColor;}",
        "spacing": {
          "blockGap": "10px"
        }
      },
      "core/spacer": {
        "spacing": {
          "margin": {
            "top": "0 !important"
          }
        }
      },
      "core/table": {
        "css": "th {border-color: var(--wp--preset--color--contrast) !important;} & td {border-color: var(--wp--preset--color--contrast) !important;}",
        "typography": {
          "fontSize": "var(--wp--preset--font-size--small)"
        }
      },
      "core/template-part": {
        "spacing": {
          "margin": {
            "top": "0px !important"
          }
        }
      },
      "core/term-description": {
        "css": "& p {margin: 0;}"
      }
    },
    "color": {
      "background": "var(--wp--preset--color--base)",
      "text": "var(--wp--preset--color--contrast)"
    },
    "elements": {
      "button": {
        "border": {
          "radius": "4px"
        },
        "color": {
          "background": "var(--wp--preset--color--primary)",
          "text": "var(--wp--preset--color--base)"
        },
        "spacing": {
          "padding": {
            "top": "10px",
            "right": "20px",
            "bottom": "10px",
            "left": "20px"
          }
        },
        "typography": {
          "fontSize": "var(--wp--preset--font-size--x-small)",
          "fontWeight": "var(--wp--custom--font-weight--regular)"
        }
      },
      "caption": {
        "spacing": {
          "margin": {
            "top": "10px",
            "bottom": "0px"
          }
        },
        "typography": {
          "fontSize": "var(--wp--preset--font-size--small)"
        }
      },
      "cite": {
        "typography": {
          "fontSize": "var(--wp--preset--font-size--small)",
          "fontStyle": "inherit"
        }
      },
      "h1": {
        "typography": {
          "fontSize": "var(--wp--preset--font-size--max-36)"
        }
      },
      "h2": {
        "typography": {
          "fontSize": "var(--wp--preset--font-size--x-large)"
        }
      },
      "h3": {
        "typography": {
          "fontSize": "var(--wp--preset--font-size--large)"
        }
      },
      "h4": {
        "typography": {
          "fontSize": "var(--wp--preset--font-size--medium)"
        }
      },
      "h5": {
        "typography": {
          "fontSize": "var(--wp--preset--font-size--small)"
        }
      },
      "h6": {
        "typography": {
          "fontSize": "var(--wp--preset--font-size--small)"
        }
      },
      "heading": {
        "typography": {
          "fontWeight": "var(--wp--custom--font-weight--regular)",
          "lineHeight": "var(--wp--custom--line-height--heading)"
        }
      },
      "link": {
        "color": {
          "text": "var(--wp--preset--color--contrast)"
        }
      }
    },
    "spacing": {
      "blockGap": "var(--wp--custom--spacing--gap)",
      "padding": {
        "top": "0px",
        "right": "var(--wp--custom--spacing--gap)",
        "bottom": "0px",
        "left": "var(--wp--custom--spacing--gap)"
      }
    },
    "typography": {
      "fontFamily": "var(--wp--preset--font-family--primary)",
      "fontSize": "var(--wp--preset--font-size--medium)",
      "fontWeight": "var(--wp--custom--font-weight--light)",
      "lineHeight": "var(--wp--custom--line-height--body)"
    }
  },
  "templateParts": [
    {
      "area": "header",
      "name": "header",
      "title": "Header"
    },
    {
      "area": "footer",
      "name": "footer",
      "title": "Footer"
    }
  ]
}
